{
  "best_threshold": 0.01,
  "precision": 0.791666666663368,
  "recall": 0.9999999999947369,
  "f1": 0.8837209297352081,
  "accuracy": 0.7916666666666666,
  "tp": 190,
  "fp": 50,
  "fn": 0,
  "tn": 0,
  "n_anomaly": 190,
  "n_normal": 50,
  "n_total": 240,
  "n_skipped": 0,
  "normal_mean_score": 0.46321208447217943,
  "normal_std_score": 0.3825951927758248,
  "anomaly_mean_score": 0.8552963089845051,
  "anomaly_std_score": 0.30577320763077426
}